CONTENT, AUTHOR_ID
'Pariatur mollitia consequuntur ex voluptate ratione temporibus amet accusamus earum.', 9
'Magnam commodi quas unde voluptatem ipsa hic.', 5
'Error aliquam similique debitis consequuntur quis facilis.', 7
'Non consequuntur veniam quas laudantium.', 9
'Ad repellat rem.', 8
'Repudiandae voluptatem repellat.', 9
'Et consequatur minima blanditiis dignissimos facere.', 6
'Rem repellat ducimus.', 9
'Quis debitis unde alias.', 8
'Iure occaecati expedita sed incidunt repellat iusto assumenda.', 7
'Porro beatae similique odit perferendis autem illum.', 4
'Rerum odit nemo quidem dolorem a nesciunt consequuntur rerum.', 8
'Adipisci corrupti rem atque inventore alias eum voluptatum magni.', 1
'Dignissimos dolor eum cumque necessitatibus nesciunt eveniet excepturi sit reiciendis.', 1
'Eveniet illo voluptatibus enim voluptatum doloribus.', 2
'Illo ipsa repudiandae aut.', 1
'Corporis assumenda laborum impedit dolor dolorum.', 1
'Illum nulla quod.', 3
'Aliquid quam ex cumque culpa ea.', 8
'Necessitatibus amet non voluptatibus dicta accusantium repellat.', 4
'Eveniet quisquam ad nobis praesentium alias consequuntur nemo alias.', 2
'Corrupti voluptates aut optio.', 9
'Quae incidunt laboriosam ullam.', 7
'Magni saepe libero et magnam iusto.', 1
'Est eius assumenda eaque asperiores cumque.', 8
'Similique vel adipisci.', 1
'Doloremque ab exercitationem iste molestias veniam.', 7
'Omnis dolorem maxime.', 6
'Ullam earum tenetur facilis modi assumenda doloremque modi.', 3
'Totam nemo dolorum nesciunt.', 6
'Excepturi nesciunt doloremque atque.', 6
'Aperiam quod occaecati adipisci.', 1
'Eligendi tempore qui eaque mollitia iste nostrum quae.', 9
'Expedita quaerat autem quod veritatis sed eveniet.', 1
'Neque voluptates mollitia.', 5
'Rem amet cumque rem error deserunt asperiores eum.', 3
'Unde corrupti incidunt quasi nulla inventore magni.', 6
'Molestiae porro quaerat.', 6
'Libero in consectetur veniam occaecati.', 1
'Quibusdam facere quaerat sunt voluptas.', 6
'Quo nobis laudantium atque adipisci esse delectus.', 6
'Voluptas quisquam vitae neque veritatis.', 9
'Corporis quo dolorum saepe.', 2
'Excepturi placeat aperiam labore minima consequuntur quibusdam possimus voluptate.', 6
'Iusto blanditiis eum neque assumenda dolor deserunt.', 1
'Earum sint ullam.', 8
'Delectus illo accusamus quaerat illum error exercitationem molestias sequi.', 4
'Praesentium eaque officiis non exercitationem.', 4
'Sapiente ut soluta modi esse earum incidunt amet praesentium perferendis.', 2
'Numquam vero iure.', 2
'Eveniet praesentium autem hic.', 1
'Non quae libero corrupti odio dicta possimus.', 9
'Asperiores sunt ea accusamus aspernatur a doloribus hic architecto distinctio.', 9
'A eius debitis ex architecto in odio.', 8
'Numquam quidem occaecati voluptate pariatur.', 7
'Molestias sed voluptatibus quia tempora placeat autem dignissimos excepturi laboriosam.', 4
'Dicta facilis alias facere.', 6
'Vel aspernatur sit porro natus qui quaerat adipisci vitae.', 6
'Saepe velit ab sint magni.', 2
'Temporibus exercitationem fuga.', 5
'Ducimus quibusdam magni earum perspiciatis hic sunt inventore assumenda.', 3
'Pariatur cumque sapiente incidunt distinctio quasi rem id ipsa.', 9
'Dolor corrupti commodi blanditiis dolore quos quae.', 5
'Debitis aliquam nobis magnam sunt consequuntur deleniti.', 5
'Nemo illo alias minima.', 4
'Ad repellendus officiis nemo cum laborum.', 5
'Tenetur aliquid praesentium dicta itaque quisquam saepe officia.', 6
'Similique eveniet veritatis nobis quam neque.', 6
'Corporis fugiat repellat ullam magni.', 7
'Unde in commodi debitis eveniet nobis placeat harum nemo quidem.', 7
'Velit consequatur tempora provident rem maiores modi sed natus vel.', 2
'Exercitationem optio ducimus quae.', 1
'Esse non fugit a.', 4
'Eveniet quo autem dolores doloribus amet voluptatum atque.', 8
'Ullam commodi atque illo fuga distinctio voluptate.', 3
'Expedita sit vero illo molestiae nesciunt amet quidem.', 8
'Eligendi quisquam nostrum totam.', 9
'Quo esse voluptatem delectus blanditiis nihil magni suscipit.', 3
'Similique quis assumenda laudantium earum sequi.', 1
'Quisquam eos natus ratione quae.', 3
'Quam illum non quis exercitationem.', 2
'Voluptatibus nobis delectus atque repellat id.', 7
'Consectetur aliquid veniam rem assumenda ipsum.', 5
'Adipisci earum itaque.', 1
'Nam iste quas.', 5
'Deleniti similique esse dolorem sapiente.', 6
'Ut ad molestias vitae magni ullam vitae necessitatibus.', 8
'Repudiandae architecto iusto magnam eius.', 7
'Iusto sit placeat voluptate eveniet nesciunt fuga fugiat.', 1
'Quae illo repellendus.', 6
'Rerum dolorum perferendis repudiandae atque iste corrupti quaerat corporis.', 1
'Necessitatibus maiores earum illo adipisci.', 4
'Voluptate enim animi dolorem officia nihil cupiditate excepturi.', 8
'Rerum possimus itaque necessitatibus beatae.', 8
'Sit inventore illo asperiores in.', 7
'Eius fuga hic blanditiis atque numquam.', 9
'Eos quaerat vel vero asperiores odit minus.', 4
'Est distinctio veniam nobis.', 6
'Odit ullam facere laboriosam quis at dolore odio.', 9
'Tempora nam beatae similique porro itaque adipisci repellat.', 1
'Architecto nihil saepe ut eius enim.', 6
'Doloribus consequatur incidunt illum voluptates saepe repellendus velit corrupti.', 3
'Maiores asperiores rem possimus.', 2
'Dolor molestiae cum sunt eum repellendus id.', 8
'Fugit molestias quibusdam.', 3
'Voluptas unde deleniti quasi cupiditate velit expedita quae aliquid.', 2
'Repellendus dolorem fugiat asperiores pariatur consectetur fugit nemo.', 3
'Unde atque enim nulla ducimus molestias perspiciatis architecto hic repellendus.', 6
'Delectus excepturi hic molestias hic enim excepturi laudantium praesentium.', 7
'Quos fugit occaecati asperiores voluptatem dolores numquam.', 7
'Possimus id eum architecto vel nostrum numquam ipsam.', 1
'Nesciunt deleniti laudantium voluptatum odit sequi.', 9
'Possimus vel fugit vel laudantium.', 8
'Facilis numquam nihil.', 7
'Excepturi fuga amet fugiat eum esse quisquam harum.', 2
'Fugit corporis quis recusandae iusto et nostrum dolorem.', 8
'Ab sed ipsum quam doloremque vel distinctio aliquam dolorum.', 8
'Sequi officiis animi hic quae perspiciatis error.', 1
'Illum voluptatum libero fugit officia nemo.', 6
'Cumque excepturi temporibus tempora quae dolorem.', 8
'Magnam similique neque neque nesciunt beatae laudantium perferendis facere tenetur.', 2
'Eum saepe numquam reprehenderit.', 8
'Repellendus impedit magni sit tempora.', 7
'Consequuntur quod at laboriosam voluptatem.', 6
'Libero neque modi in optio recusandae.', 6
'Eius beatae veritatis delectus ut.', 6
'Ut aspernatur eveniet voluptas labore nemo.', 4
'Iste occaecati explicabo sequi delectus minus.', 6
'Tempora recusandae iusto tenetur.', 4
'Accusamus debitis harum dolore cupiditate distinctio.', 4
'Est quasi beatae.', 5
'Velit perspiciatis eaque tempore.', 1
'Animi odit ut iusto eum molestias voluptatum.', 7
'Praesentium aliquid amet odio.', 9
'Cum sunt error eius iste quo eligendi nemo fuga.', 7
'Neque aliquam at ullam officiis mollitia voluptatum error quibusdam libero.', 6
'Id eius hic dicta provident.', 8
'Dicta deserunt dolorum optio fugiat nemo veniam commodi perferendis officia.', 1
'Tenetur temporibus neque sint facilis.', 5
'Vero porro quis iure sint ratione a sed hic totam.', 1
'Praesentium sequi incidunt nisi similique id totam.', 9
'Ipsum ipsa deserunt cum recusandae veritatis dicta dolores.', 5
'Aliquam voluptatem corrupti eius.', 3
'Perspiciatis natus porro illo quod inventore nobis eos dolores impedit.', 4
'Repudiandae consequatur eligendi culpa laudantium reiciendis cum pariatur culpa dolores.', 4
'Unde eos a voluptate ipsa pariatur minus officia.', 9
'Magnam quae non saepe.', 2
'Possimus nisi tenetur cum quae eum illum nesciunt debitis.', 6
'Dolor iure exercitationem ullam sunt aliquid animi debitis accusantium ad.', 6
'Inventore odit fuga cumque.', 6
'Minus exercitationem laudantium tempora.', 5
'Itaque quis laudantium ipsa illum vero molestiae consequatur.', 9
'Dolore doloremque vel voluptatum sequi quisquam.', 3
'Excepturi neque corporis.', 9
'Doloribus voluptatibus consectetur.', 6
'Libero similique id vel dignissimos.', 1
'Porro delectus aperiam.', 8
'Ad quis corrupti nam iure.', 2
'Recusandae neque odio maxime doloribus earum eveniet.', 7
'Provident reprehenderit aliquam expedita vero.', 1
'Accusantium similique iusto soluta eaque.', 6
'Laudantium non vero iure laborum consequatur explicabo doloribus inventore error.', 4
'Minima fuga nemo nostrum ipsam libero tempore.', 9
'Fuga aspernatur animi mollitia.', 9
'Corrupti porro voluptatem.', 8
'Mollitia in esse minima molestiae quod.', 9
'Esse voluptatum nostrum.', 1
'Excepturi excepturi iste esse laboriosam quos tenetur possimus cum.', 2
'Consequatur accusamus sit veritatis numquam provident rerum accusamus facilis ut.', 2
'Occaecati ipsam beatae officiis ut voluptatum nostrum.', 3
'Aperiam ipsum incidunt molestiae quasi.', 7
'Debitis eum doloribus praesentium.', 3
'Illo deleniti repellat culpa quod provident explicabo incidunt voluptas perferendis.', 9
'Officiis deleniti molestiae officiis quibusdam at vel odio.', 8
'Quod expedita architecto quidem.', 2
'Maxime libero consectetur incidunt labore ullam nisi.', 9
'Reiciendis autem delectus excepturi deserunt ab pariatur eveniet assumenda.', 2
'Iste est dignissimos quis consectetur excepturi pariatur quaerat magnam sit.', 4
'Accusantium libero quasi mollitia magni debitis perspiciatis debitis porro similique.', 1
'Nemo eligendi ab similique deserunt alias eaque quas.', 9
'Quibusdam distinctio sint excepturi corrupti totam sit corrupti quidem.', 5
'Id sint amet ad.', 4
'Repellat nulla corporis officiis minima molestias harum ex delectus.', 4
'Commodi neque ipsa earum delectus.', 2
'Magni placeat ipsa veritatis nobis omnis praesentium nesciunt pariatur possimus.', 2
'Expedita sed libero possimus in eius quos inventore.', 2
'Suscipit voluptatum sequi iure praesentium saepe accusamus porro id accusantium.', 6
'Odio dolorum incidunt.', 4
'Quidem praesentium consequatur sed earum repellat dolor est quaerat explicabo.', 1
'Harum consequatur aperiam nisi nihil voluptas occaecati.', 9
'Vel explicabo consequatur eos omnis.', 2
'Vitae occaecati omnis explicabo vitae dolore.', 1
'Est voluptates ex maiores sapiente officia.', 2
'Asperiores beatae nulla numquam nemo temporibus in.', 7
'Quis quaerat eveniet pariatur aliquid suscipit explicabo excepturi praesentium.', 4
'Fuga facere suscipit cupiditate repudiandae pariatur eum ducimus rem qui.', 4
'Eum itaque eum alias saepe.', 9
'Ipsa distinctio cupiditate cupiditate tenetur maxime.', 6
'Architecto voluptatem error placeat recusandae eos nulla commodi.', 7
'Iusto deserunt dolorum quas.', 7
'Ex provident eius sed.', 4
'Omnis optio facilis deleniti sapiente in.', 3
'Autem autem aliquid distinctio nihil consequatur dolore laudantium a laudantium.', 8
'Libero nisi enim eligendi culpa reprehenderit.', 2
'Est inventore ut sint officiis consequuntur doloribus quam.', 7
'Eius corrupti quisquam in rem voluptatem odit veniam facere similique.', 9
'Natus expedita illum vitae omnis doloribus pariatur adipisci quis reiciendis.', 6
'Tenetur nemo quam rerum veniam odio labore temporibus magni enim.', 4
'Nisi amet ex impedit.', 4
'Corrupti a aliquam eaque reprehenderit assumenda distinctio hic esse.', 3
'Deserunt ipsa officia ex rerum eos ipsa.', 1
'Beatae dolore voluptatum rerum labore placeat voluptatibus harum maxime.', 6
'Cum ab magni quaerat aspernatur.', 8
'Explicabo quasi laborum reprehenderit quae perferendis aperiam.', 7
'Eligendi aliquid ipsam suscipit repudiandae asperiores odio voluptatibus dolor repellendus.', 3
'Debitis ex natus sunt occaecati maxime natus eligendi.', 8
'Magnam officiis sequi nihil autem hic temporibus error.', 6
'Quis blanditiis molestiae delectus libero repudiandae magnam nam at.', 9
'Voluptate possimus numquam fugiat dicta ipsam ullam praesentium odit sunt.', 1
'Sit illo animi ratione delectus.', 3
'Tempore error cupiditate quibusdam deleniti.', 8
'Illum adipisci error aliquid aperiam animi nam maxime architecto.', 3
'Rem voluptatibus aut dignissimos.', 8
'Recusandae laudantium explicabo dolor tempore.', 6
'Doloremque modi earum deserunt dolorem quisquam fuga illo neque minus.', 9
'Asperiores rerum esse qui magnam totam nam possimus.', 4
'Saepe voluptatem beatae enim ad quibusdam sapiente amet magni.', 5
'Veritatis quis cum quod nisi.', 6
'Architecto aspernatur aperiam facilis quidem ipsa placeat.', 7
'Quisquam expedita impedit molestias accusantium hic nesciunt.', 2
'Nesciunt et sapiente.', 8
'At saepe officiis sit debitis aut.', 6
'Consectetur corporis corporis iste non.', 3
'Iure dolore eum excepturi delectus natus ex exercitationem blanditiis libero.', 8
'Animi repellendus dolorum quae eos.', 7
'Quos quos quas inventore sequi.', 6
'Quam deleniti in libero quasi.', 2
'Adipisci necessitatibus pariatur aspernatur maiores blanditiis ab ea tenetur.', 7
'Distinctio at recusandae iste nulla quam possimus velit omnis quaerat.', 3
'Nihil alias sapiente perferendis ab ut.', 4
'Qui cumque consectetur saepe maxime recusandae.', 5
'Corrupti eius libero id quae commodi error quasi maxime amet.', 2
'Iste consectetur autem id possimus.', 8
'Ipsam dolores rerum provident excepturi deserunt magnam.', 2
'Laboriosam minus ad itaque unde.', 3
'Possimus eligendi nulla.', 3
'Consectetur temporibus incidunt numquam cum accusamus.', 7
'Ipsum autem eligendi doloribus temporibus ipsam quae odit.', 7
'Perspiciatis saepe facere at maxime quia.', 2
'Assumenda saepe ad ea temporibus voluptate nam assumenda delectus repellat.', 9
'Sapiente iure explicabo laborum fugit molestias temporibus.', 6
'Voluptas aliquam est reiciendis rem cumque accusantium.', 1
'Recusandae dignissimos earum necessitatibus quaerat nobis.', 8
'Placeat dolorum optio reprehenderit provident.', 7
'Soluta amet nihil.', 3
'Ipsam quas quod.', 9
'Alias rerum consequuntur dolorem.', 8
'Debitis dicta iure consectetur laboriosam dignissimos tenetur perspiciatis.', 6
'Rerum earum optio veniam hic.', 8
'Assumenda aperiam provident ipsum cumque consequatur inventore.', 1
'Suscipit labore veritatis.', 9
'Possimus unde quod suscipit ullam.', 9
'Inventore eius excepturi doloribus rerum expedita suscipit cum veniam perferendis.', 5
'Dolore eos asperiores corrupti sunt earum aliquam sint.', 8
'Corrupti atque laboriosam labore commodi tempore magnam praesentium.', 7
'Architecto consectetur qui sit minima.', 8
'Sed eaque voluptatum eius est saepe.', 9
'Doloribus reprehenderit ducimus perferendis illum voluptates numquam.', 7
'Velit nostrum illo excepturi corrupti officia rerum neque sint.', 3
'Eveniet consectetur aliquam laudantium voluptatibus sunt placeat.', 8
'Similique ipsum magni eos ipsum.', 7
'Asperiores libero ad nulla esse.', 3
'Amet esse sit aut consequuntur eum cum.', 4
'Reiciendis incidunt aut.', 3
'Voluptates doloremque voluptate dignissimos ipsum adipisci autem cumque minima.', 1
'Repudiandae maxime numquam ullam voluptate inventore explicabo dolor odit sint.', 3
'Ipsum unde temporibus temporibus error veniam doloribus nihil rerum delectus.', 3
'Ex ea provident.', 5
'Recusandae repudiandae eius accusamus cum.', 4
'Ducimus minima nam optio.', 5
'Facere culpa minus blanditiis ducimus provident corrupti.', 1
'Ducimus natus ab autem.', 3
'Ratione laborum corporis soluta recusandae maiores ab commodi.', 4
'Eius molestias est placeat.', 4
'Neque molestias dolor quasi voluptatem veritatis reiciendis.', 3
'Asperiores aliquam alias est rerum dolores doloribus sapiente.', 2
'Autem accusantium officiis sapiente quo.', 5
'Beatae fugit animi praesentium quae quaerat omnis dolorum consequatur.', 9
'Quo totam iusto optio iure optio.', 5
'Aspernatur voluptates eos doloremque minima quae nisi.', 4
'Eum tempore recusandae eos mollitia reprehenderit officiis.', 7
'Unde quia qui.', 5
'Minima quas vitae nulla natus neque labore hic eum reprehenderit.', 3
'Asperiores veniam maxime ipsam nostrum iure repudiandae rem minus.', 1
'Placeat explicabo cum ad at ullam.', 5
'Quis harum nobis excepturi.', 9
'Commodi debitis tempora natus libero sunt impedit iure tempore eum.', 4
'Voluptatibus eligendi explicabo exercitationem aliquam harum consectetur quo.', 8
'Quibusdam cum hic aliquam.', 2
'Architecto harum molestiae itaque temporibus perspiciatis quasi.', 6
'Sit nesciunt animi vero repellat.', 7
'Nisi molestiae nesciunt et.', 2
'Sint consequuntur culpa impedit blanditiis.', 3
'Beatae rerum placeat suscipit eaque quia quaerat minus illo animi.', 8
'Vitae a consectetur libero nam nostrum quaerat ipsam ratione.', 6
'Nisi commodi dignissimos.', 7
'Dolorem illum facilis.', 1
'Aut labore exercitationem consequuntur numquam officiis.', 9
'Expedita repudiandae nemo officiis cum ipsum inventore aut.', 4
'Dolor dicta sequi excepturi sapiente quo officia fuga.', 4
'Vitae fugit quam fugiat ex voluptatum.', 6
'Dolor molestiae velit minima nostrum maiores numquam.', 8
'Soluta ea eligendi nam.', 3
'Aut assumenda rem.', 5
'Omnis temporibus necessitatibus odit unde eius accusantium veniam.', 6
'Eum repellendus suscipit occaecati quasi voluptatibus placeat porro adipisci assumenda.', 9
'Ad eligendi assumenda occaecati ratione quos quo.', 9
'Ut placeat quia.', 7
'Ea veritatis est quaerat nesciunt dolores atque illo facilis.', 8
'Id quidem vitae earum.', 4
'Facilis odit nihil eius reiciendis repellendus.', 5
'Officia culpa aliquid occaecati a.', 3
'Architecto deserunt sapiente ipsa doloremque fugit reiciendis assumenda cumque beatae.', 4
'Dolorem nostrum minima illum.', 7
'Est quis impedit.', 3
'Expedita cupiditate commodi quos.', 5
'Provident quam commodi inventore hic ullam quidem quidem nesciunt ipsa.', 2
'Distinctio aspernatur sequi ad possimus voluptatem.', 5
'Sequi necessitatibus blanditiis.', 7
'Totam a praesentium sequi cumque sint.', 4
'Repellat optio necessitatibus enim et.', 2
'Natus provident veritatis necessitatibus adipisci delectus assumenda.', 5
'Praesentium error reprehenderit omnis.', 5
'Eligendi impedit cupiditate amet eius minima laborum.', 1
'Sit excepturi pariatur.', 5
'Magnam reiciendis esse.', 4
'Nam atque libero exercitationem velit incidunt suscipit incidunt.', 4
'Voluptatibus ratione aspernatur.', 2
'Eum ut itaque ut cupiditate voluptatem corporis.', 4
'Quasi eaque excepturi optio commodi numquam sapiente.', 9
'Maiores adipisci voluptatem autem maxime ex.', 8
'Corrupti saepe voluptatum adipisci consequatur cupiditate deleniti.', 3
'Cum quasi delectus et iure.', 1
'Quia nulla repellat veritatis provident.', 4
'Quas soluta aperiam.', 5
'Nulla officia excepturi optio possimus.', 9
'Quidem dolor incidunt porro aspernatur minima similique tempora.', 2
'Iusto aut dolorem reprehenderit dolores.', 7
'Natus unde consequatur maiores magnam ullam facere incidunt.', 1
'Laudantium veniam sint officia libero fuga quaerat debitis atque minus.', 4
'Sit voluptatem eum perferendis quos commodi totam ullam eos.', 4
'Culpa similique eos porro asperiores voluptatem asperiores ad.', 8
'Dolores accusantium vitae aliquam cupiditate molestiae suscipit.', 7
'Architecto at repellendus dicta quia.', 3
'Dolorem non inventore praesentium minima harum.', 4
'Aut expedita minus vitae esse quis magnam.', 3
'Quos suscipit dolorum voluptate.', 5
'Illo expedita atque alias ipsa.', 1
'Aperiam a omnis reprehenderit sunt.', 8
'Molestiae impedit tempora eum.', 6
'Quos voluptatem quia voluptatem placeat qui molestias.', 9
'Magnam expedita eius ut voluptatem dicta tenetur tempora maxime.', 6
'Sequi deserunt ratione distinctio quisquam cum nisi.', 9
'Aliquam veniam excepturi suscipit illo.', 8
'Porro ullam ab officiis debitis error ut vero totam consectetur.', 7
'Labore perferendis dicta omnis.', 4
'Vero sequi enim ea omnis quae ab.', 6
'Exercitationem nemo explicabo iste beatae libero voluptates.', 3
'In minima voluptas dolore beatae velit architecto fugiat sed.', 3
'Omnis tenetur molestiae.', 3
'Alias quos nobis a reiciendis saepe.', 2
'Eaque accusantium tempore repudiandae aspernatur quisquam explicabo.', 1
'Fuga temporibus aperiam.', 1
'Corporis ratione provident consequuntur tempora nisi nisi perferendis.', 1
'Atque dignissimos unde delectus officiis esse provident dolorem.', 5
'Dignissimos impedit doloremque facere expedita placeat.', 9
'Sit dicta quo.', 1
'Ducimus id at tempora accusamus odit.', 2
'Nesciunt ullam quidem esse in ullam animi autem dolorem.', 6
'Quis excepturi magnam quasi error quas quasi iusto.', 5
'Temporibus voluptatibus excepturi culpa neque dolore quod atque dolorem numquam.', 9
'Doloremque provident necessitatibus magni assumenda in.', 2
'Sint enim ea officia vitae ipsam nesciunt consequatur vero.', 8
'Dicta nam quisquam iste.', 6
'Nulla ducimus fuga odio tempora.', 3
'A adipisci iure earum dolore quas perferendis.', 7
'Sequi numquam est nesciunt aliquid similique iure.', 9
'Minima sapiente sapiente quidem itaque voluptas perspiciatis ea.', 3
'Suscipit totam exercitationem reiciendis veritatis rerum soluta.', 2
'Illum sit minus nulla ab neque quas.', 6
'Minus aspernatur sed rem temporibus.', 6
'Libero neque beatae illo.', 8
'Sapiente excepturi in temporibus ullam praesentium dolore incidunt aliquam.', 7
'Itaque quisquam repudiandae assumenda quasi.', 9
'Sequi asperiores aliquid non ullam minus.', 4
'Hic incidunt itaque sint molestias quisquam quia in adipisci.', 8
'Eum assumenda similique saepe rerum quos aspernatur doloremque aperiam temporibus.', 3
'Neque eligendi modi voluptatum.', 6
'Sint debitis nihil ex dolorem atque voluptas.', 5
'Eveniet odio provident inventore doloremque sunt necessitatibus totam non delectus.', 5
'Quisquam vitae earum assumenda.', 6
'Laborum facere quia reiciendis est eligendi distinctio harum voluptate praesentium.', 9
'Modi vel necessitatibus veritatis fugiat aut sequi.', 2
'Impedit tempora eius id aspernatur quibusdam aliquid eos saepe.', 9
'Accusantium explicabo perspiciatis similique.', 2
'Quas vel sint ullam qui nihil possimus labore velit ab.', 6
'Unde magnam nam sint distinctio magni consequatur deleniti.', 3
'Consequuntur quisquam ex suscipit explicabo reiciendis quo cumque aspernatur esse.', 9
'Repellendus molestiae veniam cupiditate ratione maiores.', 9
'Quibusdam in iusto laudantium excepturi sequi.', 2
'Perspiciatis qui ipsam natus repellat numquam.', 8
'Quod molestias qui optio numquam vero corrupti nostrum.', 4
'Dignissimos repellendus optio deleniti repellat suscipit et similique explicabo soluta.', 8
'Aliquam perferendis ipsum beatae aperiam.', 6
'Reiciendis commodi nihil.', 5
'Totam rem dolorum deserunt sunt nihil asperiores repellendus corporis.', 2
'Unde minima ipsa deleniti minus.', 2
'Iste culpa culpa eum eos.', 2
'Ex pariatur odit dolor ullam.', 9
'Fugiat illo modi quasi delectus repellendus veritatis consequatur.', 7
'Ad voluptatum assumenda delectus.', 2
'Occaecati corporis nemo ratione minima.', 5
'Ipsum beatae inventore facere ratione.', 3
'Voluptate dolores facere.', 5
'Adipisci quas praesentium.', 8
'Corporis saepe aperiam molestias.', 9
'Harum ducimus numquam natus adipisci molestiae accusamus harum sint.', 5
'Cumque nesciunt eos architecto ab dolorum pariatur molestias.', 9
'Nostrum aliquam sapiente.', 9
'Eos neque provident quae numquam quis nesciunt cum sit atque.', 7
'Ea reprehenderit officiis ipsam aliquam aspernatur aliquam maiores soluta.', 3
'Fugiat in quisquam illum placeat veritatis consequuntur iure.', 1
'Aspernatur hic reprehenderit possimus voluptas recusandae.', 7
'Perspiciatis quo nesciunt delectus voluptatem.', 2
'Ut minus necessitatibus assumenda necessitatibus laborum facilis.', 8
'Quae praesentium dolorem.', 5
'Fugit iure itaque aspernatur eius officia.', 6
'Asperiores recusandae nesciunt ratione facilis a.', 5
'Quis similique corporis dolore pariatur hic delectus atque nobis fugiat.', 3
'Ad facilis non consectetur tenetur commodi.', 6
'Hic eos commodi eos.', 9
'Corrupti placeat quas ex adipisci fugit incidunt dignissimos consectetur minus.', 2
'Magnam similique dolorum fugiat.', 1
'Esse numquam deleniti ducimus libero deserunt.', 8
'Corrupti voluptate sed.', 8
'Repellat modi nulla.', 9
'Sapiente accusamus hic fugit.', 7
'Totam corrupti deserunt omnis fugit.', 5
'Quia officia aliquid eius ullam aspernatur quas amet harum.', 8
'Excepturi laborum sapiente reprehenderit perferendis ex.', 5
'Totam ipsa repudiandae porro dicta praesentium deleniti odio laboriosam iste.', 9
'Porro exercitationem tempora enim dignissimos explicabo maiores optio tenetur.', 7
'Quis ratione sequi perspiciatis incidunt neque quia provident omnis atque.', 3
'Earum porro molestiae incidunt beatae.', 7
'Dolor similique delectus repellat maiores aperiam consequuntur.', 2
'Repellat recusandae eveniet minus voluptatum.', 6
'Molestiae quibusdam inventore commodi.', 4
'Iure corporis earum id mollitia accusamus ipsa reiciendis non.', 4
'Error similique tempora.', 6
'Libero neque magni quibusdam doloremque incidunt ratione repudiandae asperiores laborum.', 6
'Cupiditate iste voluptatibus eos totam commodi doloremque ipsa cum ipsa.', 9
'Suscipit exercitationem voluptatum fugit.', 8
'Aliquam corporis ex facilis reprehenderit possimus asperiores ex.', 4
'Blanditiis qui ex pariatur.', 1
'Aliquam optio tempore laborum veritatis est sapiente harum.', 9
'Deleniti fugiat voluptatem facere earum ipsum velit similique.', 7
'Commodi reiciendis eaque aliquam deleniti illum expedita hic officia quae.', 8
'Sint amet magni.', 2
'Illum nostrum atque voluptas beatae provident dolores.', 6
'Magnam natus laboriosam itaque mollitia tenetur odio id.', 8
'Suscipit deleniti consequuntur veniam iusto vitae voluptate dolores.', 9
'Reprehenderit voluptatum dolorem aut.', 7
'Rem repellendus quasi.', 7
'Sunt modi quas totam quae.', 4
'Dignissimos labore illo ipsa aliquam.', 5
'Ex sunt neque distinctio assumenda maxime consequatur.', 2
'Et tempora possimus sequi molestias quas quas.', 8
'Eum quibusdam rerum at fugit.', 3
'Dolorem ipsa iure maxime perspiciatis.', 6
'Quidem corporis in quasi atque et provident.', 9
'Mollitia impedit ea harum doloribus accusamus numquam tempora nulla.', 2
'Ullam quaerat tempora.', 1
'Dolore accusamus officiis veniam laborum quibusdam accusamus nemo corrupti quae.', 2
'Labore blanditiis cupiditate neque sapiente nihil quos deleniti.', 1
'Repellendus fuga neque eius minus.', 3
'Voluptates architecto quo alias corrupti libero nisi ut.', 5
'A omnis nihil recusandae.', 3
'Alias consequuntur repellendus repellendus dolorum libero sunt natus cumque sequi.', 9
'Nisi fugiat aut aspernatur eius praesentium.', 3
'Debitis iure fuga tempora odit saepe tempora.', 7
'Nesciunt aliquid cumque minus beatae exercitationem illum nihil laborum.', 5
'Voluptatibus accusantium illo officiis quod.', 6
'Nisi quaerat incidunt eligendi.', 5
'Sed iure alias non ipsa incidunt accusamus fugit nemo vel.', 9
'Vitae amet tempore expedita.', 8
'Consequatur unde nemo.', 7
'Dignissimos corporis doloremque provident in quaerat alias.', 5
'Magni animi quos doloribus.', 9
'Sunt dolorem delectus facilis ipsum quisquam maiores reiciendis repellat dolore.', 1
'Debitis ex sit aliquid voluptates atque.', 7